month,route_id,budget_revenue,budget_fuel_cost,budget_crew_cost,budget_port_cost,budget_maintenance_cost,budget_catering_cost,budget_distribution_cost,budget_other_variable_cost,budget_fixed_allocated,budget_variable_cost,budget_ebitda
2024-01-01,DEN-IBZ,1669028.047418867,776005.3643634737,264921.4517833713,172495.34479745277,140278.511708433,56755.17307684189,53424.34616690063,32632.028255478097,297384.198449643,1496512.2201519513,-124868.37118272728
2024-01-01,DEN-FOR,1263031.8851230596,606632.3953896271,239900.66856166677,167825.48253087574,154300.29312574028,53302.57851054122,45120.034563962705,25550.69563408615,284866.9522790218,1292632.1483164998,-314467.21547246195
2024-01-01,DEN-PMI,1556660.2400705072,694231.8032126114,186936.79550095132,126940.18905066556,108886.03082326728,55386.24999588894,53502.33878885334,31979.787190090276,319026.2672823171,1257863.1945623278,-20229.221774137754
2024-01-01,BCN-PMI,1554635.8751936594,871854.7842324312,260996.11451572875,135485.82816681656,134810.83186715818,54072.118780319084,54935.6222860513,32028.0405597973,360198.55359312554,1544183.3404083024,-349746.0188077685
2024-01-01,BCN-IBZ,1671933.9364163263,1156509.91413086,304751.5433461078,133436.91013521538,157828.48916551503,51453.06598940314,59372.43086777217,34731.50415757089,365943.29728457355,1898083.8577924443,-592093.2186606915
2024-01-01,VAL-PMI,1470959.8443402003,980827.6322880365,255859.25233714355,118965.15921561206,111424.81539464685,48068.32179039582,51298.92634768906,29780.53040556851,365381.1999227821,1596224.6377790924,-490645.9933616742
2024-01-01,VAL-IBZ,1228008.1399579796,728930.0915615578,218178.95573320816,120691.56944753163,110611.0701224941,47512.16123951339,42560.00973583068,25807.94793471947,336358.3172907947,1294291.8057748552,-402641.9831076703
2024-02-01,DEN-IBZ,1322693.9865245065,671846.8084173105,244818.585788127,160996.92552218144,133504.95983016948,48583.24353869758,47103.225191531244,26194.540406316963,301957.4441109591,1333048.2886943342,-312311.7462807869
2024-02-01,DEN-FOR,1313893.2800442572,613300.1055674535,252549.52329401128,166650.38761063106,129877.22860566364,58589.732223175866,48802.00434908477,28189.74196628501,288472.02831160056,1297958.7236163053,-272537.47188364866
2024-02-01,DEN-PMI,1523423.186240732,653356.2615589991,197407.36016229668,129224.21702464316,131931.138373374,52471.12273514372,54258.66756132975,30381.812601373458,334973.18002084736,1249030.58001716,-60580.57379727531
2024-02-01,BCN-PMI,1379558.274321147,867620.5140231936,254202.28935935587,126026.95534217563,120451.78005489452,46452.069029055194,46488.432486633246,28493.175120088654,366317.4845910737,1489735.215415397,-476494.42568532366
2024-02-01,BCN-IBZ,1712417.354050856,976738.8680564208,276007.65154228295,126496.60983861487,140139.1167169676,57773.06508051107,62568.23081644173,33677.1306562972,381066.43132672494,1673400.6727075367,-342049.7499834056
2024-02-01,VAL-PMI,1649362.241818943,958180.3214157388,249340.95915794474,131701.20367337897,131852.20729198316,53975.53993267944,55275.60696029601,33256.220401177176,385504.34491214703,1613582.0588331982,-349724.1619264021
2024-02-01,VAL-IBZ,1316536.3868092583,725632.2997817658,215849.98793308454,118850.69975778417,116934.67768248028,47073.95908920861,45362.85232428801,26641.4445848922,334260.8246156575,1296345.9211535037,-314070.35895990295
2024-03-01,DEN-IBZ,1478277.7311141887,673799.7867008585,246282.90489747497,162257.02697785702,138610.1674643473,56198.84995408803,52921.7284028259,30006.995430035622,281598.70359815826,1360077.4598274874,-163398.43231145694
2024-03-01,DEN-FOR,1445018.569455417,543653.4940802592,242070.61716598194,167625.27017238637,144671.0064723861,57022.06208697795,49087.30488053541,27194.855605076755,287513.1877857636,1231324.6104636039,-73819.22879395034
2024-03-01,DEN-PMI,1807130.0313915513,766420.9797318132,200156.04076534958,130148.19924270386,112555.26759325818,61773.16955281114,64006.80555367083,38044.041895769114,331047.87370800466,1373104.504335376,102977.65334817063
2024-03-01,BCN-PMI,1651119.6643765247,878407.7804958354,265476.94643827114,126074.17112409133,125806.3449726572,64897.66338334992,59236.14403604069,35605.488951532716,371916.0398354727,1555504.5394017785,-276300.91486072645
2024-03-01,BCN-IBZ,1598739.345858294,1143406.4523102727,298363.59198394854,130056.57767403517,129239.39257575401,53888.898698647106,55629.44357504909,33710.304176611215,378977.4450470102,1844294.6609943178,-624532.760183034
2024-03-01,VAL-PMI,1562804.9302723866,894599.4553507636,252747.1096987469,121531.36697248639,125291.15157951495,52910.15864691412,55977.717560774436,31795.87781212135,366105.87285621255,1534852.8376213217,-338153.7802051476
2024-03-01,VAL-IBZ,1838389.309037383,785267.9638952654,240419.48850974726,137411.28735332517,121820.16764231327,70886.12131436756,62856.68530142996,37113.49509910557,355013.31548432744,1455775.2091155543,27600.784437501163
2024-04-01,DEN-IBZ,1796738.1503421802,699306.1049765685,254515.39046319335,178280.87119770158,147588.57986719167,68509.14611949053,64133.870839533956,37105.54867954286,300067.569916503,1449439.5121432224,47231.0682824548
2024-04-01,DEN-FOR,1584577.4467891713,585366.9031004969,233184.8513067932,165119.93221895935,125376.2511619286,63844.21917687611,56496.478209294524,32935.164821016675,295045.27352982445,1262323.7999953653,27208.373263981543
2024-04-01,DEN-PMI,1555311.6418253034,677276.7823607615,186201.8554797273,119105.20931093207,108042.29368646689,48761.187284914595,53169.673882633644,31356.861908511924,326399.25436752924,1223913.863913948,4998.523543826246
2024-04-01,BCN-PMI,1747029.5918162023,891901.1919245763,244006.5953740859,128207.75644273161,101873.55013306235,62094.145030025444,58027.835460238435,33961.58720050697,361700.35777379293,1520072.661565227,-134743.42752281763
2024-04-01,BCN-IBZ,2126280.845108575,1158584.4321675247,303091.8295956898,142241.47051114615,141188.17985052176,72650.57824250376,75707.33225128567,46182.638850047486,388757.59592408786,1939646.4614687194,-202123.21228423208
2024-04-01,VAL-PMI,2219467.4842605577,1030172.2382666356,281143.33551021526,143216.10593216994,142062.46790895954,76960.05531745673,72884.38130727781,45445.2835209579,377630.2183261137,1791883.8677636732,49953.398170770786
2024-04-01,VAL-IBZ,1509879.8267456163,744576.7740480802,236631.87163877534,124786.91760525753,108820.70963075125,53027.31373975173,53820.13776209938,31670.91389757384,343450.2275187146,1353334.6383222893,-186905.03909538768
2024-05-01,DEN-IBZ,1623505.529416867,664951.6854800215,229388.760420792,162213.70610873553,123625.59984130517,68735.27999156143,57795.86375351143,33525.697513806015,283917.7314663892,1340236.593109733,-648.7951592550962
2024-05-01,DEN-FOR,1745060.077395787,635904.1020691413,238896.70059525387,178133.86760411804,164374.75673708093,73389.48080213091,63894.99316248168,37189.61519774429,287496.31808329135,1391783.5161679508,65780.24314454483
2024-05-01,DEN-PMI,1751784.114625957,717995.3683051883,185242.57784942805,131144.61964432447,123478.19207372094,60075.45151338779,61001.66866627659,34714.144472124055,315116.2607925911,1313652.0225244502,123015.8313089158
2024-05-01,BCN-PMI,2003133.7418029814,836464.6958994654,244851.4940057555,127191.30184657777,120572.2192401484,80740.00561953048,68100.80643970962,40078.4761652139,384645.6724264605,1517998.999216401,100489.07016011985
2024-05-01,BCN-IBZ,2288212.60177447,1184927.0138915835,307109.2801087635,132019.11612419042,129875.9647644152,71905.12710775677,78149.69033123988,46259.020069666876,395171.21136391925,1950245.2123976164,-57203.82198706566
2024-05-01,VAL-PMI,1841967.0791675497,956461.931128836,265691.4564740029,131193.65537428696,132664.49843104932,67172.87022831097,64162.90992237633,38755.78110358485,357597.0206902649,1656103.1026624474,-171733.04418516252
2024-05-01,VAL-IBZ,1762508.0138769986,821370.7889686556,232884.0541841106,131919.44655095562,106211.15397103353,67155.88331681809,60541.652291091086,34000.705756754,366582.4826495781,1454083.6850394185,-58158.153811998025
2024-06-01,DEN-IBZ,2282957.0684476416,873742.8738907924,334352.4199601506,217924.42568868407,201642.41683201908,94043.26489525566,81777.00856820955,47971.470829140664,290807.6358284008,1851453.880664252,140695.5519549888
2024-06-01,DEN-FOR,2363671.9211368784,772857.8491460279,303348.65576163965,211693.82416340578,158519.54028084563,106910.37732698918,84071.93025196508,47268.90804622037,290741.96060666133,1684671.0849770936,388258.8755531235
2024-06-01,DEN-PMI,2767711.350568541,962942.8165166547,255814.57672598364,178820.97803463793,175009.25303717438,106444.08421757004,95254.77526937344,56164.62383595324,318718.12129130994,1830451.1076373474,618542.1216398835
2024-06-01,BCN-PMI,2796712.3836697503,1286969.0748181012,362844.66193957184,177382.73010993324,153205.52895540456,106461.12632080073,96891.84311423957,58458.40548666468,352814.83748381864,2242213.370744716,201684.17544121575
2024-06-01,BCN-IBZ,3378605.4192391005,1276452.237396616,417022.13732313935,179177.61260208362,181719.87589024453,112051.02048571369,118963.45612963958,69959.16762499002,400851.7089942201,2355345.5074524265,622408.2027924539
2024-06-01,VAL-PMI,3114090.465625718,1426517.7514282926,409457.7533094325,180475.01642061517,218719.2530312919,121471.81951197908,114711.85538000095,68063.72397192082,372104.55824291776,2539417.173053533,202568.73432926717
2024-06-01,VAL-IBZ,2484855.6759194876,999424.6687481155,309436.8140243062,166510.50672856608,144710.12166006715,95252.3407435697,83024.53779080455,49464.66925251193,361321.16323162976,1847823.6589479414,275710.85373991646
2024-07-01,DEN-IBZ,3130992.5756017216,912987.0698101412,305706.9261155859,210852.46242555225,172091.25598231232,127674.1507414057,110801.31932505014,61641.65862145242,291500.71277545876,1901754.8430215002,937737.0198047627
2024-07-01,DEN-FOR,2995521.5469671586,818896.3912756672,318621.17641913274,208154.50154338175,197857.6750514575,127168.09983009339,100962.30934545922,60794.30105362781,285622.0649780724,1832454.4545188197,877445.0274702664
2024-07-01,DEN-PMI,3582636.6311282413,948809.6004012922,274243.7493093399,187405.4381744266,174748.68416374305,141327.61885739278,128244.90556053551,78163.56458553801,326455.48299490736,1932943.5610522684,1323237.5870810656
2024-07-01,BCN-PMI,4171995.9993445417,1192082.065361942,352706.2519024502,183428.00416286092,162064.26937034386,161566.59477741213,144230.17865687082,82705.05125344585,365942.6897480433,2278782.4154853257,1527270.8941111728
2024-07-01,BCN-IBZ,4098937.7372345133,1515931.9181623042,425023.8831861035,181817.92919355,191994.95099597887,147778.1512766051,143632.45706532573,88276.83819474666,366046.7897548336,2694456.128074614,1038434.8194050658
2024-07-01,VAL-PMI,3727408.0038943533,1308929.3694869871,357124.37544825475,167582.22102724804,168038.355499909,143085.59774590586,132869.60254346378,80065.51251226572,368207.8881653708,2357695.0342640346,1001505.0814649479
2024-07-01,VAL-IBZ,3190146.588004652,987467.6920438695,318685.6789158218,177691.64654693307,149363.67946102459,131245.19555030548,113669.86237461795,66740.31093737663,364772.899238065,1944864.065829949,880509.622936638
2024-08-01,DEN-IBZ,2983180.5141714956,809930.2282680486,304971.5815455611,194537.51164938262,173029.67315650452,126439.37107049482,109750.50689132938,63227.02920477567,279384.2526171977,1781885.9017860966,921910.3597682012
2024-08-01,DEN-FOR,3229946.015738541,776428.2133448767,297359.818501852,213928.52199654473,158427.80214631144,142023.09291137813,117333.59587917068,70577.59906572179,297298.5862935416,1776078.643845855,1156568.7855991442
2024-08-01,DEN-PMI,3992140.1251930003,955423.213900067,273858.0026144081,177339.71750072786,163300.11736661228,144870.92455517,135547.82438610125,76188.48117422633,330740.056067476,1926528.2814973127,1734871.7876282115
2024-08-01,BCN-PMI,3893431.1245363657,1302948.765148463,381610.90329327417,178515.06293743773,156893.9992560221,146434.3805281663,142951.95159457688,79370.75027869991,382217.08573902486,2388725.81303664,1122488.2257607006
2024-08-01,BCN-IBZ,4964852.372498375,1533818.5576862302,408484.71029931435,200640.73209476177,201168.83420496943,163118.3590714948,180034.92090990784,98285.21388100146,389686.8636815464,2785551.32814768,1789614.180669149
2024-08-01,VAL-PMI,4237997.625953508,1147191.973559858,362843.25709966273,175439.2175419116,186952.39715441773,166194.53120436936,146675.1260168881,87291.68908387891,377594.64934880496,2272588.1916609867,1587814.784943716
2024-08-01,VAL-IBZ,3622108.014599732,1000933.7119011856,318633.0596186997,179486.96688337225,175389.42497137375,138831.92011832978,123139.33404506293,69514.1585496055,346965.12967441994,2005928.5760876297,1269214.3088376825
2024-09-01,DEN-IBZ,2400849.9421448153,848510.8581628058,303777.1024384641,211496.2271500705,181738.21240455785,99730.0593291282,87789.10187701635,53082.798026608034,280702.58777793276,1786124.3593886506,334022.99497823196
2024-09-01,DEN-FOR,2295246.642382094,783819.1773366416,299861.04712465004,205890.77947607028,184775.16711860115,100059.2319553153,80708.95457340243,46490.522959447175,297145.09173654806,1701604.8805441281,296496.670101418
2024-09-01,DEN-PMI,3003730.31980028,940082.1684238311,277244.084993401,175061.82668591474,151938.695064006,109919.66935347361,109684.14369891681,62843.14673656229,341940.59426602244,1826773.7349561055,835015.9905781521
2024-09-01,BCN-PMI,3231868.2146914867,1152321.7730226123,356049.72940254986,180509.25123352546,180629.25147580914,116710.3276058644,114716.73371435114,64378.21623860909,390827.5305690353,2165315.2826933214,675725.40142913
2024-09-01,BCN-IBZ,3241002.8660587277,1630725.0209331363,398804.6387804102,178120.5708344336,183523.59583792748,105173.72379835355,108904.54616421176,63870.88075412732,387194.4105931964,2669122.9771026,184685.4783629313
2024-09-01,VAL-PMI,3197237.806676597,1511265.4417827013,393701.1872878947,182904.83371591335,201244.93697446169,117164.14731426428,104159.29316078802,64884.1669186364,369342.68684843136,2575324.0071546603,252571.1126735052
2024-09-01,VAL-IBZ,3015989.2404849324,1074834.9482322023,319402.4030730225,185323.5323604838,148825.31484065455,115992.30116836417,102970.60244059208,60119.27730498993,340734.07697709167,2007468.3794203098,667786.784087531
2024-10-01,DEN-IBZ,1666950.0631422035,719482.5112290719,234357.29072866018,158848.9979627941,142418.37495109835,60784.53363572167,57524.37625407436,34439.32236852971,280188.7818493687,1407855.4071299501,-21094.125837115338
2024-10-01,DEN-FOR,1688465.7588154671,625626.4182348369,238137.0739795774,163810.4373765023,142085.9759758869,67902.35482330975,60233.212310312956,34698.7694019525,292642.5459887373,1332494.2421023785,63328.9707243513
2024-10-01,DEN-PMI,1851180.2016182179,722008.5780500441,199239.1035312149,135448.9943819059,128626.91476016447,64337.45766814404,64257.90937959023,37360.20308870894,329582.6794506365,1351279.1608597727,170318.36130780866
2024-10-01,BCN-PMI,1893318.9779796132,1018396.2862024846,288990.02652870724,131775.75514634058,119926.18761491036,69441.87794194835,66418.09258673473,38147.709349651755,364199.25150885107,1733095.9353707777,-203976.20890001557
2024-10-01,BCN-IBZ,2124286.3392293323,967214.4223781085,301518.8653809133,132510.7940108951,134083.76149348723,74215.7153137959,76801.5617266301,43919.06113347573,380466.9101996797,1730264.181437306,13555.247592346452
2024-10-01,VAL-PMI,1997900.607173194,866566.3896348025,253197.037150052,125760.40911181014,137324.56959431255,71313.42477656597,74098.68314501623,40142.801844855996,374673.7798544741,1568403.3152574152,54823.512061304646
2024-10-01,VAL-IBZ,1548922.8706017048,690870.2983090526,224720.3710946746,114148.98112420966,110412.31218140187,60943.09838126893,54966.6842275971,33023.74024413681,340329.24933051446,1289085.4855623418,-80491.8642911514
2024-11-01,DEN-IBZ,1511657.6018804796,681898.9663228699,238402.63825345357,166672.75976358695,137590.59807289895,55289.54635950821,53357.68922885173,29706.558178825246,287251.5575326445,1362918.756179995,-138512.71183215978
2024-11-01,DEN-FOR,1382989.8521173114,569477.7901448344,231487.1861868071,166180.43391417575,145125.31594487495,53606.00382914226,48492.60201159054,26834.26591912702,290523.73797990696,1241203.5979505521,-148737.48381314764
2024-11-01,DEN-PMI,1407078.151765537,663456.5404332838,174090.70613900592,123841.14787370902,115417.49561994581,46179.4655969825,47006.93175437459,27749.559263532414,342271.5387232635,1197741.8466808342,-132935.2336385607
2024-11-01,BCN-PMI,1922889.9138217913,836406.2471307261,261044.20423298454,129926.51870936058,111531.8477140102,65758.11796572663,64426.9927520319,36577.940938882995,374891.0732479194,1505671.869443723,42326.971130148915
2024-11-01,BCN-IBZ,1691804.1631562023,1099134.2715167338,306330.2967875378,138270.62226088886,153206.71802303515,55175.47009528179,64687.08245109916,36328.97548142613,378954.30137771077,1853133.4366160026,-540283.574837511
2024-11-01,VAL-PMI,1809823.8746909674,1033209.7910899604,273495.0357796781,133907.008282706,131997.83519261694,61126.07610306071,61491.91807472207,34654.46440268174,376032.94259561755,1729882.128925426,-296091.1968300761
2024-11-01,VAL-IBZ,1324890.1212979183,670559.6537658226,224038.00018254228,118247.26748775896,113146.08428883411,53057.66996520234,48946.88074454166,28606.018519647525,367255.42391090427,1256601.5749543493,-298966.8775673353
2024-12-01,DEN-IBZ,1434163.4591409324,697056.1503876294,248653.01935111816,171489.37816821574,136182.07844468745,55440.190974166755,54188.00208106123,30495.94637006126,285860.74737580057,1393504.76577694,-245202.05401180807
2024-12-01,DEN-FOR,1479035.5358008544,556765.9950468076,240902.55338371237,161877.5331894554,130824.79869906521,61758.042394321456,50389.67311162707,28964.7810324608,288970.28013419925,1231483.3768574498,-41418.12119079457
2024-12-01,DEN-PMI,1446567.3019436807,640834.5227737731,188588.8220570851,127787.0212693696,104796.38111808094,49677.41232905474,52319.54440027384,29242.658723082397,336754.38927741855,1193246.3626707196,-83433.45000445744
2024-12-01,BCN-PMI,1794998.505064553,984413.027102832,280095.1593273505,138686.27391407514,135011.02622862466,68758.54059103785,61347.07472893462,35856.637952839534,362941.5852388316,1704167.7398456943,-272110.82001997274
2024-12-01,BCN-IBZ,2073124.6748664621,1039670.3578404756,292210.2148049828,134033.43037613793,150422.87917697398,66732.98532096375,71414.82300650665,45840.166425714044,375909.4910678536,1800324.8569517545,-103109.673153146
2024-12-01,VAL-PMI,1843406.8036549152,936703.5325618786,261060.39132536532,124615.54797868824,139679.201634041,68233.88222722801,65762.77393522917,39965.72767349392,395248.1026938051,1636021.0573359246,-187862.35637481452
2024-12-01,VAL-IBZ,1439511.5419899826,681942.5258718561,218018.86438601618,120828.05953649641,111116.66076218031,55345.40496773991,50482.88455123182,29732.0639314856,356985.72330491315,1267466.4640070063,-184940.6453219368
2025-01-01,DEN-IBZ,1495086.4568353847,751598.5084842866,252961.62451784438,180234.43017059818,161121.0515303023,49150.710099954886,49126.83198646399,28970.704980305054,280695.0764541638,1473163.8617697556,-258772.4813885347
2025-01-01,DEN-FOR,1580791.9755033657,646189.4065942547,258120.79635295118,181420.73136014675,134157.4141087214,65110.348007544606,53839.053498773435,32385.63988280981,291502.57818525453,1371223.3898052017,-81933.99248709047
2025-01-01,DEN-PMI,1528161.4750094684,752749.6393175023,200276.30698906854,134203.3537215695,133131.6148494588,49870.67776909661,51517.123898158265,29876.431295551116,327124.5593244735,1351625.147840405,-150588.23215541022
2025-01-01,BCN-PMI,1611509.4589864854,942401.3378524708,278801.9825889214,133423.31049217557,106893.93595453765,56186.52724705206,54398.29031219723,30812.91575308738,355647.16476939543,1602918.3002004426,-347056.0059833526
2025-01-01,BCN-IBZ,1853114.8661010098,1154731.6090750596,321231.8586170137,148083.92546985368,142674.34961040164,57321.809625444046,63378.31752977833,36134.02854890679,387096.11611536716,1923555.8984764577,-457537.1484908151
2025-01-01,VAL-PMI,1829588.0648488882,1128994.012581484,298048.1755489449,140948.00201197492,140660.84540320793,63217.17532386106,63720.79849290911,39388.59054358163,376112.1737877986,1874977.5999059635,-421501.70884487394
2025-01-01,VAL-IBZ,1347166.8732526896,768085.550394859,247549.17232801276,132589.02989073074,121191.04733601959,49556.166053416026,47605.49588919637,27236.447548647062,348686.5935950267,1393812.9094408816,-395332.62978321867
2025-02-01,DEN-IBZ,1649025.6616241375,765962.0995081257,253829.89692880146,171703.98069637181,143179.83434006927,66609.80313843756,58590.09420107826,32639.19310004135,295574.62947984546,1492514.9019129253,-139063.86976863322
2025-02-01,DEN-FOR,1419506.4155060507,650680.9412201118,267758.6394362843,168265.11383055054,148997.2930159117,55833.504222271506,51827.91196306089,30037.83792800205,276851.50673833385,1373401.2416161927,-230746.3328484759
2025-02-01,DEN-PMI,1597482.0083006017,780477.1308665388,219658.56146526578,135848.5269486583,128094.72342140668,57194.046747878325,52937.47448395167,32520.595377705195,334306.6724714309,1406731.059311405,-143555.72348223423
2025-02-01,BCN-PMI,1636836.3190090866,871295.592106227,286130.6181415314,138138.66940894892,123783.46779529448,59519.19351524627,58912.87798258114,35418.341769118975,362726.2605959859,1573198.760718948,-299088.7023058473
2025-02-01,BCN-IBZ,1673714.8484303467,1226020.5002879351,316776.80788372783,133195.15410334847,120010.41020858023,48706.35388546856,58723.21374336118,31337.853018245303,375155.8427321323,1934770.2931306667,-636211.2874324523
2025-02-01,VAL-PMI,1640123.0326222624,1143188.5179311826,295794.46997839416,137613.81392139476,133615.79778630717,50883.779545431884,54738.56113873197,32859.10367648148,346207.56266669865,1848694.043977924,-554778.5740223601
2025-02-01,VAL-IBZ,1577593.417515714,800959.7971867456,256218.6695611445,137908.00863125746,108573.24182393681,59677.11806536664,56729.740005363594,32180.23578937383,360214.7088629564,1452246.8110631884,-234868.1024104308
2025-03-01,DEN-IBZ,1742886.7358905205,739196.6424023514,272545.8704286619,185177.18453306652,156094.40290632803,65238.093346787246,56122.98226915488,36404.01075236116,286049.00894011813,1510779.186638711,-53941.45968830865
2025-03-01,DEN-FOR,1571036.5197554145,663008.900830321,243243.85784142173,170613.87483627562,122567.93391719848,63675.148853764425,55246.358099724996,29708.99077389876,291876.99869519274,1348065.0651526053,-68905.54409238358
2025-03-01,DEN-PMI,1700886.7055146447,713692.9126013974,214221.23870464537,126732.03496463914,125607.95138591809,58874.9490036654,58926.71250613023,33457.62841070502,320285.22021505825,1331513.427577101,49088.057722485566
2025-03-01,BCN-PMI,1732008.1962526662,1046733.6472051293,289890.920441429,130964.35277627787,126624.91222464274,64004.66070694928,65077.82356816218,35575.40601795675,383242.3579457241,1758871.7229405472,-410105.8846336051
2025-03-01,BCN-IBZ,2151654.489068642,1183633.7956102814,320568.1375260931,148419.78723984584,147767.40544214702,66298.73734717719,73688.71599157582,41006.93127006737,386637.9655830772,1981383.5104271877,-216366.9869416231
2025-03-01,VAL-PMI,2050583.344258905,1019962.5178331528,286671.5341550237,138873.26470888848,130458.6678614338,79965.65048926786,70811.97340092722,42653.2304912843,370625.39131839783,1769396.838939978,-89438.88599947095
2025-03-01,VAL-IBZ,1626819.2249422935,766235.4025151598,238085.37342154246,128529.3304270889,126399.41550043688,59649.6836087632,55847.11957222014,30716.22485534486,346901.06502573006,1405462.5499005564,-125544.38998399302
2025-04-01,DEN-IBZ,1768154.3745276574,741364.5378377059,241009.95090607062,171194.69320967642,124660.5539944514,66369.37392434651,61324.639656227555,34469.20667711004,296327.70307917177,1440392.9562055883,31433.715242897335
2025-04-01,DEN-FOR,1609849.2640642691,613116.4383620627,263409.0897705907,173403.48119503676,129494.85166257039,67530.6633046024,54752.438595378946,30933.09838154088,287558.35646317404,1332640.061271783,-10349.153670687869
2025-04-01,DEN-PMI,1997137.392711374,742554.6999423829,207263.86625317475,134531.35899258935,124620.55928134243,68261.4700541987,70020.04095424376,43021.117821551714,339658.45531455515,1390273.1132994837,267205.82409733516
2025-04-01,BCN-PMI,1941732.0236656494,890339.2504604176,252863.46980384472,127978.38149951416,120569.26412889658,74209.9263349819,66189.03328716899,39400.08428377343,380307.308309724,1571549.4097985972,-10124.69444267184
2025-04-01,BCN-IBZ,2005397.6808696657,1211150.6623990517,310162.7251554986,139271.76370682855,128177.25046042388,68481.3524426815,69045.52903493741,40210.27258378237,381063.9437087407,1966499.555783204,-342165.81862227904
2025-04-01,VAL-PMI,1895706.9061996841,1020523.0553458872,283026.5593103733,127805.27179264506,125369.19030815644,61901.038478910385,66614.84445811056,38187.0821049406,381292.4758740326,1723427.0417990237,-209012.6114733722
2025-04-01,VAL-IBZ,1783646.5268964237,765937.8899788478,249597.24132163866,126959.75703436662,113443.85881921278,69021.26275445805,61731.87247340568,36112.69462183335,349831.1351408971,1422804.5770037628,11010.814751763712
2025-05-01,DEN-IBZ,1758574.068160009,699718.8205554452,265973.05199087225,176038.5015240762,153025.99557385923,68051.74368658735,61257.09292545601,34092.77968067816,305149.932561186,1458157.9859369744,-4733.850338151329
2025-05-01,DEN-FOR,2053917.1806755948,627905.163746556,269281.9915385252,182976.9128002457,149230.10150798544,88883.74034742053,71359.91796567317,40155.28235500645,301743.9585098161,1429793.1102614126,322380.1119043662
2025-05-01,DEN-PMI,1963079.416144325,699160.5270857684,196570.63117359078,126067.79332275131,118871.76000448881,72732.3542432651,69778.64565847136,41110.52669152769,328928.78381016693,1324292.2381798634,309858.39415429457
2025-05-01,BCN-PMI,1785388.3882783926,996898.5299413037,258168.16257911388,125034.72812329182,101696.19298805736,66416.55624341902,62074.83459019846,34810.546675968115,364291.4949622523,1645099.5511413524,-224002.6578252121
2025-05-01,BCN-IBZ,2500565.7408861443,1174041.131386556,312883.19767114194,136833.72695492874,143927.4725616254,81892.60552511933,90505.20811126502,49594.25976981947,395697.7671214576,1989677.6019804557,115190.37178423104
2025-05-01,VAL-PMI,2145254.2149166856,1061703.4992293671,301933.23824721144,150776.7620331272,137680.2875732387,82422.40897051884,77078.08967294029,44094.86749016167,365600.10388020554,1855689.153216565,-76035.04218008497
2025-05-01,VAL-IBZ,1708917.2877347514,729527.7869683176,245192.78801294445,128022.46136277175,111884.13240837652,71185.83299374081,59565.67184363183,33951.650092196534,345801.3356904799,1379330.3236819794,-16214.371637707984
2025-06-01,DEN-IBZ,2490624.550028427,908991.5280120971,311425.5491856769,213965.41863709452,148870.1706190355,96029.2378711722,87929.25235035144,49422.3467768977,290760.8529343284,1816633.5034523255,383230.1936417732
2025-06-01,DEN-FOR,2443035.0130521962,857841.3189033903,310341.0867094665,223351.05875158546,178820.50060098266,105582.13817107429,87656.46637736833,51273.63524578235,297714.2475011365,1814866.20475965,330454.5607914098
2025-06-01,DEN-PMI,3306393.4740106743,1038230.5757849604,290318.24118607683,190876.38089486287,165454.41885825546,111985.23080734922,111338.24743299313,69529.58006334856,341264.3373585179,1977732.6750278466,987396.4616243098
2025-06-01,BCN-PMI,3518321.749621891,1336257.7554909785,398117.2186374723,196897.2741108402,193716.53505987505,140285.42984206887,118179.03754598473,72700.30648570017,374601.0654585478,2456153.557172919,687567.126990424
2025-06-01,BCN-IBZ,3046944.234180042,1540080.7101708094,425955.3218672948,185304.79049487764,208000.06245774397,106259.88350194247,116916.72695041892,66115.29267257912,383906.2285259381,2648632.7881156667,14405.217538437224
2025-06-01,VAL-PMI,3017219.6724068923,1360885.4463976452,368893.984972413,174186.9547254006,172214.67892992694,103940.55104620346,105547.27303810089,62054.99753546512,373952.69202002714,2347723.886645155,295543.0937417101
2025-06-01,VAL-IBZ,3038852.7131846417,1171876.4385773283,357412.8053719934,193681.52309078156,159414.35908999984,117019.88066957843,110144.75188952168,62574.151441020666,362529.22582303005,2172123.910130224,504199.57723138743
2025-07-01,DEN-IBZ,2980162.737256872,973928.2633451887,320888.0037240495,202337.11938335028,199392.9965249712,131216.43281782037,103405.87985609003,61942.26149067209,293250.9369762696,1993110.9571421423,693800.8431384601
2025-07-01,DEN-FOR,3210545.426077748,777651.690715632,308928.21858279564,211111.0266043514,149114.7667636591,142836.48206828887,117323.72662224734,68886.61594059938,292948.47497897083,1775852.5272975739,1141744.4238012035
2025-07-01,DEN-PMI,3556021.9234927963,951505.246826416,278866.84484802024,178469.47359840322,159358.50792417472,134578.86109304425,124017.48713564951,72773.46307433202,331517.49883447966,1899569.88450004,1324934.5401582767
2025-07-01,BCN-PMI,3638217.294780425,1230417.5786412617,350562.54897504544,168847.36742411085,147417.85439833975,141853.0023507661,124752.2851441235,73492.936609785,367491.85084613075,2237343.5735434326,1033381.8703908614
2025-07-01,BCN-IBZ,5707832.994847188,1634134.748848264,416943.34007346444,200104.71091162477,202009.21288436712,174391.90322872455,177800.41685197307,102839.41238044045,373538.504405494,2908223.7451788583,2426070.7452628356
2025-07-01,VAL-PMI,4613142.972896081,1450542.8297812673,399570.5442821722,191177.90487088988,194244.22265863008,175278.08378940713,173224.5283701655,95431.73161609843,366703.07055941987,2679469.845368631,1566970.0569680303
2025-07-01,VAL-IBZ,3364043.0155839296,1064804.8755996549,323287.00482370664,172881.31363898254,156799.9811350743,129472.27741706144,114056.47113614556,65422.289712524915,351195.38154546445,2026724.2134631502,986123.4205753149
2025-08-01,DEN-IBZ,4149615.1495397454,980301.300444108,339345.1445960301,237586.66078491992,167693.24927436528,161388.4273174256,137351.1051206919,80467.78904146176,288824.70313104405,2104133.6765790028,1756656.7698296986
2025-08-01,DEN-FOR,2785659.871570833,778711.0921712366,292042.58092973597,202670.60048930297,176620.49650722608,132310.83071804623,103153.49430393608,58504.87233815411,289532.9154852052,1744013.9674576381,752112.9886279898
2025-08-01,DEN-PMI,4096272.0653876686,929487.5188594619,259008.9463515015,165944.78351348726,142298.4757073044,146363.28116827266,140036.71978840083,84191.03434038907,338712.2553025462,1867330.759728818,1890229.0503563047
2025-08-01,BCN-PMI,4874042.279435412,1346503.654240544,399543.1712370264,185575.91042381414,190388.42741664906,186951.50155252547,170353.95482978638,96862.978237406,398396.6567343173,2576179.597937751,1899466.0247633436
2025-08-01,BCN-IBZ,4524533.594505237,1636137.2799140112,402390.30504353286,177146.55382964635,158512.18219493338,143371.28149490108,154747.50912347418,88520.41697415405,365872.3741138477,2760825.528574653,1397835.6918167367
2025-08-01,VAL-PMI,3940332.131529913,1456835.4228183124,379173.7091798284,174074.89682850477,172928.79187164846,144865.98356525402,138000.78557856067,78544.71467616159,352988.2233743064,2544424.3045182703,1042919.603637336
2025-08-01,VAL-IBZ,3929577.0478832484,1061653.1091038287,337860.19735172234,185465.99002280177,135623.12854023383,149346.35571328693,134148.7067754584,80590.90564876905,361054.85891241545,2084688.3931561012,1483833.7958147316
2025-09-01,DEN-IBZ,2550464.084240638,946110.4148768692,329694.04638219386,216709.20864667595,181701.2906814584,104112.9275171017,86977.82105825629,53145.6310361565,285409.34294657095,1918451.340198712,346603.4010953553
2025-09-01,DEN-FOR,2555072.7019367428,852935.8502113438,318388.32917554746,216716.89330939844,180726.60455182754,113663.5194114749,94472.43713621277,51400.65898462978,287456.81967451423,1828304.292780435,439311.5894817936
2025-09-01,DEN-PMI,2986918.894682204,959636.4328943103,267115.6727965604,174261.70353978273,162594.19132533387,104518.94060441047,100659.61557811599,60168.05961244387,338309.79770295107,1828954.6163509574,819654.4806282953
2025-09-01,BCN-PMI,2896169.497757893,1373318.9514564734,383792.7567277254,182813.57800249552,144943.25385174408,112460.5465533436,102682.81455531078,58548.31615920701,361682.372736072,2358560.2173062996,175926.90771552146
2025-09-01,BCN-IBZ,3716124.212184423,1462561.5832802232,405942.9484828973,190034.4636831387,179882.03891335038,122140.66215655595,124885.5620203362,77755.67424435772,375526.473316457,2563202.9327808595,777394.8060871066
2025-09-01,VAL-PMI,3390128.9278204385,1243655.5031592767,368179.62495961133,178680.9330774517,182422.5558755122,118826.10166885046,115069.35806316297,69134.079990953,371418.79761703016,2275968.1567948186,742741.9734085898
2025-09-01,VAL-IBZ,2721496.1242807885,1130790.1259611635,327156.77195646794,181864.60503552793,147649.5741455393,105377.42400708843,95245.06805875385,56372.89816686626,348816.09329738456,2044456.4673314074,328223.56365199655
2025-10-01,DEN-IBZ,1847630.3037441354,792943.461020331,278081.50404036767,195205.97771091553,152347.115176185,75185.88914474308,62044.01497200526,39179.879575016086,301991.19661676575,1594987.8416395637,-49348.734512194
2025-10-01,DEN-FOR,1742487.821754272,643417.6055095474,253328.82836237972,178756.9580763913,130257.27896537444,71371.61745162532,61214.83373128946,36352.123590238494,279442.7776145394,1374699.245686846,88345.79845288664
2025-10-01,DEN-PMI,1967089.1060273182,737862.9008335879,190693.7233248503,126051.30748777135,121773.54588917395,69830.66186869927,70278.85350704542,42345.952106091805,343440.4590592359,1358836.94501722,264811.7019508623
2025-10-01,BCN-PMI,2028085.8359738,975402.5197257211,290056.9802352968,137904.02519045197,147545.39588052526,78183.75650513105,70898.89254077358,41174.78659479444,383382.1923484259,1741166.356672694,-96462.71304731996
2025-10-01,BCN-IBZ,1910051.09086056,1258008.065272505,318347.9902521437,138213.56038021584,143984.32114212727,62877.90948995638,63582.755339121235,36979.72912081698,383623.6752293892,2021994.3309968864,-495566.9153657155
2025-10-01,VAL-PMI,1932848.7576211854,1063649.6861143506,281646.8401363771,138474.89232658743,148727.6885016335,66112.55890658422,68622.63026518004,40198.731806832446,378285.1047952072,1807433.0280575452,-252869.375231567
2025-10-01,VAL-IBZ,1864091.6573625028,783001.0316241477,221112.13196709676,132877.34794373013,113219.59776310058,68838.44566859017,67420.27835069298,37042.273488645136,362617.759426856,1423511.1068060037,77962.79112964304
2025-11-01,DEN-IBZ,1368714.2685247795,710325.5975713016,245094.65235352257,167946.51320460666,129227.80665133166,50386.40525011028,47980.74542589884,27747.369443801694,284169.26437160256,1378709.0899005732,-294164.08574739634
2025-11-01,DEN-FOR,1613558.7229011531,682163.2452178339,250982.91442698368,183433.40469332886,130217.102695303,64110.256914045254,57392.56503983095,32445.91952546275,276280.5689177677,1400745.4085127884,-63467.25452940294
2025-11-01,DEN-PMI,1453045.4247382767,743279.9021320185,193262.48847103995,131090.75748531337,129993.97095935802,48400.74848599572,50136.72830434839,28723.90992727466,333929.2468117305,1324888.5057653484,-205772.3278388022
2025-11-01,BCN-PMI,1545014.311023386,963993.0630907295,253718.83151352956,135979.92244317348,107021.40025451902,55453.18271602503,54453.16968711081,31064.258933538447,373877.65082447155,1601683.8286386256,-430547.16843971115
2025-11-01,BCN-IBZ,2190262.082380378,1200942.4830136194,305256.34021379374,149065.95295990657,147235.93690460466,63819.69172530953,71858.3751751845,43150.36994100281,385322.77625067084,1981329.1499334213,-176389.84380371397
2025-11-01,VAL-PMI,1944829.9946979003,1050348.6797519256,290383.3735352251,133362.7263672504,149034.53857648614,63646.2376300769,65817.29164033933,40369.701500301184,392387.33536789013,1792962.5490016048,-240519.88967159466
2025-11-01,VAL-IBZ,1664755.65227953,774849.683308684,238259.1548245525,125145.834118831,109770.20275383521,61615.24627293598,57492.22702338681,32387.126307553925,334494.568276704,1399519.4746097794,-69258.39060695347
2025-12-01,DEN-IBZ,1757086.0356570915,798577.1735722419,260156.77925170976,191996.3418091674,126201.40400415493,66753.92055155835,58687.707866416225,33862.6549046702,301909.47037557804,1536235.9819599185,-81059.41667840502
2025-12-01,DEN-FOR,1601598.1832638253,655029.810639233,261054.17946070826,179200.4472749996,145005.66538781507,65737.45962148323,55132.73006087458,33851.7499163707,295007.9855637284,1395012.0423614844,-88421.8446613875
2025-12-01,DEN-PMI,1783381.8006764152,789235.0443031609,197979.04530003874,131269.8496811496,114985.72805514916,63758.25928615186,61712.82398285948,36075.01277689455,323838.92021452263,1395015.7633854044,64527.11707648821
2025-12-01,BCN-PMI,1853163.5172008034,956224.3413834864,281921.16575790144,136773.60774722768,131673.9717880857,74518.18689221733,66018.37866919534,37848.6579460787,366707.4730757444,1684978.3101841926,-198522.26605913363
2025-12-01,BCN-IBZ,1695858.9351987508,1064591.0144398136,286213.24270740064,126176.70071463732,129869.93874609165,53296.219865590036,58241.69655112559,34433.98231640054,362795.1102615002,1752822.7953410593,-419758.9704038087
2025-12-01,VAL-PMI,1997113.9047902666,1112562.3802877592,295431.0507617063,135700.67848145458,137286.54002177352,66696.21082352378,69854.0045676962,40268.769493334265,369505.86117534444,1857799.6344372479,-230191.59082232567
2025-12-01,VAL-IBZ,1560440.3546169172,844192.3632703911,239395.38791670272,132569.7325155205,115419.20085297855,61830.382378179675,52585.80396882451,31805.764488643465,357618.2646207433,1477798.6353912402,-274976.5453950663
2026-01-01,DEN-IBZ,1501974.2548330578,792826.0086978205,291388.272895065,200913.73502124313,150286.6990020056,63186.421767403095,56948.58770044213,32597.366547687136,297006.3852331259,1588147.0916316668,-383179.2220317349
2026-01-01,DEN-FOR,1410383.755190452,672601.4781841589,267314.48415005655,174534.76538720072,144901.4690690218,55708.05571741017,49925.7057247719,28596.69370624175,284195.036354999,1393582.6519388617,-267393.9331034086
2026-01-01,DEN-PMI,1736276.0450848956,738097.4581239496,220072.9416533906,143157.2906834322,134562.12840702923,56686.1371389667,55896.60153676629,34606.678739122195,338233.4589164522,1383079.236282657,14963.349885786476
2026-01-01,BCN-PMI,1502730.369353477,895313.3399612409,284475.23877155466,140015.0367517545,134926.38196604006,56578.041765252216,51552.84837777074,29362.95662091639,365304.4059281732,1592223.8442145295,-454797.8807892258
2026-01-01,BCN-IBZ,1758388.0166995616,1136781.2049413305,296793.5468505139,127433.92414082869,124499.45039967,55579.232450666066,61237.74940866124,34684.571676473344,385382.2791847785,1837009.6798681438,-464003.94235336065
2026-01-01,VAL-PMI,1649260.8793099788,1006953.9458449117,286670.5002897435,135420.7343136259,131611.28492882778,56003.27668894241,56947.48741619771,32264.2153280358,362127.1525820038,1705871.444810285,-418737.71808231
2026-01-01,VAL-IBZ,1561971.298486832,767552.9916682241,267817.57048277353,140575.74419075972,102814.31156787716,55742.36672196162,55683.52413436705,32159.82717356792,341092.8143480698,1422346.335939531,-201467.8518007687
2026-02-01,DEN-IBZ,1397374.7430135645,782128.2424754883,288172.97919784766,181136.77579874988,153770.9644768986,49334.74193104256,49844.88020349062,30074.238806926434,282848.83539096144,1534462.822890444,-419936.9152678409
2026-02-01,DEN-FOR,1524619.4182119113,630650.7754781854,242328.48057635798,172540.45491899853,125554.33691101972,61817.520457246435,51991.27614556195,31658.944896122386,293058.38381372706,1316541.7893834924,-84980.75498530816
2026-02-01,DEN-PMI,1579169.60600235,687337.3125188448,203038.1823617342,134422.34112911642,127886.50047151296,50721.747955321145,54427.94577595989,32057.15111993075,335319.6082585367,1289891.18133242,-46041.18358860671
2026-02-01,BCN-PMI,1551093.0449134947,935334.5849093171,301847.7756419464,133845.85288529858,120128.47389779323,55170.360422699705,53091.64487564676,32014.01976329988,374856.4586468997,1631432.712396002,-455196.12612940685
2026-02-01,BCN-IBZ,2075936.0654753104,1132137.7239268601,311753.3752645537,143016.7016777541,136195.44259372717,63078.65834603066,68783.30267243994,41336.53684776946,386834.228629392,1896301.7413291351,-207199.9044832167
2026-02-01,VAL-PMI,1797691.763685208,1000091.6918917991,312666.8379932108,150200.34516503895,135429.9304079847,58466.34617048622,63588.47943868931,34340.03348063596,377030.37477957783,1754783.6645478448,-334122.2756422146
2026-02-01,VAL-IBZ,1409926.0027643288,724445.927781255,230901.46212471885,126409.90522075443,106999.83391385167,52655.32822304976,49251.58688044027,30164.91667143752,344843.8664531672,1320828.9608155077,-255746.82450434606
2026-03-01,DEN-IBZ,1672300.0628560912,749038.9731958383,262855.61386015546,189887.38352165636,146362.9560460624,60795.76233848778,58966.06929787256,34417.02577346229,290583.2983126545,1502323.784033535,-120607.01949009835
2026-03-01,DEN-FOR,1446498.627935998,628769.6053561252,254580.18542612268,165886.93692188337,124853.92513315643,59297.12594614052,51985.54127452766,28827.91870154978,296051.0980488638,1314201.2387595056,-163753.70887237147
2026-03-01,DEN-PMI,1975145.0962085389,722356.2709711391,217922.3794112073,141061.26028660138,115721.5608075359,63692.29115361406,68755.2741925212,39725.63727847403,322387.6760297439,1369234.6741010926,283522.7460777023
2026-03-01,BCN-PMI,2008508.4231365009,922787.2064697094,291060.54462834634,143188.55281534404,134607.52475525727,79893.85853173079,71247.96485276113,40632.91002897566,363155.5470965387,1683418.5620821246,-38065.68604216247
2026-03-01,BCN-IBZ,2038068.381077607,1149525.6278963448,309253.755635382,141566.98275588662,148040.73479560646,63231.563518734874,70990.80385537972,41848.96918983588,371672.63005597953,1924458.4376471706,-258062.68662554323
2026-03-01,VAL-PMI,1739179.8660537107,1047331.9620479,290262.3887151559,137725.06280253103,132955.41972022457,58441.412697900276,60559.26576152701,35329.657010511015,354606.31574408757,1762605.16875575,-378031.6184461268
2026-03-01,VAL-IBZ,1788827.658552893,829341.2447861132,267753.2852342319,145753.9245435829,112999.77909523652,66347.37423483316,57164.93984270385,36936.85632140553,355950.78383289545,1516297.4040581067,-83420.52933810919
2026-04-01,DEN-IBZ,1698261.471002953,693899.8599156766,259009.55305726008,170213.78732954932,135807.92738781465,62963.64737576045,56461.34617461794,32762.603853341807,297955.60765988094,1411118.725094021,-10812.861750949116
2026-04-01,DEN-FOR,1886695.4528435236,663994.2741240761,278632.9282006681,181256.5719766851,125861.47040591034,75412.29702179799,67559.42940867586,37890.65837979277,297247.624005843,1430607.6295176062,158840.19932007435
2026-04-01,DEN-PMI,2046361.3923361197,666396.7633322484,204067.2574248954,136492.45553687433,108648.39243258722,73589.41805063475,72450.05369091088,40863.35430807518,331291.37633527565,1302507.6947762263,412562.3212246177
2026-04-01,BCN-PMI,1910720.1655968511,1002953.6811959266,308054.38860529143,129352.12038448451,120013.21749290999,75725.04718748952,67441.66652717226,40427.291619357755,369970.7743556946,1743967.413012632,-203218.02177147538
2026-04-01,BCN-IBZ,2187672.5969959074,1083325.9612871304,312906.6633820681,142502.82020836434,138636.03575897636,68986.55715237338,79810.65282873412,44252.20246051859,386743.7553068744,1870420.8930781654,-69492.0513891324
2026-04-01,VAL-PMI,2409210.183905533,1005862.3464553936,290970.02742514067,136080.91143147653,127915.01194476779,79633.27988681964,82568.06528856019,49601.53933759478,392225.2490828953,1772631.181769753,244353.75305288465
2026-04-01,VAL-IBZ,1739927.2820201684,786245.7924562871,253427.20070885532,140965.29909882438,109995.77183206014,62097.07969623891,61295.89031601633,37596.14701635147,361433.5665864002,1451623.1811246336,-73129.46569086547
2026-05-01,DEN-IBZ,2245030.965213685,773553.6140411841,276986.0351049524,189907.0420848901,147794.37163345018,79875.1146770853,75242.25406658507,43415.048753492454,282815.3072677821,1586773.4803616398,375442.177584263
2026-05-01,DEN-FOR,1861240.724859988,645926.2197174953,275661.081148423,179890.15027313057,160148.90309460126,78791.94018877759,62020.144684495885,38091.35554530964,288819.6174885194,1440529.7946522334,131891.3127192353
2026-05-01,DEN-PMI,1885657.3949474164,710313.9357950437,210218.57567888874,133344.56555764415,115011.75860025245,69534.64572695205,68599.18483377565,40555.33095006772,342257.01992677327,1347577.9971426243,195822.37787801877
2026-05-01,BCN-PMI,2331353.0459000603,920189.1820424865,285059.189442192,143325.6319116307,141101.43657761542,87376.76110852293,83274.77197079477,49651.202058986215,366659.13102784404,1709978.1751122286,254715.7397599877
2026-05-01,BCN-IBZ,2307772.5205731913,1204468.3927275795,314099.4285974952,133181.33092547944,131456.5889425203,76380.95799226123,80841.81635547422,47571.72162683013,365146.97025796823,1988000.2371676401,-45374.68685241701
2026-05-01,VAL-PMI,1945202.820364127,917549.1634668723,278444.6429866246,128832.86207383584,116714.25260331621,65718.10132837214,66127.49208772865,39408.05789554438,368376.95992733666,1612794.5724422943,-35968.71200550406
2026-05-01,VAL-IBZ,1872203.069154069,741030.6117553962,236663.8928622978,131105.19168316503,104413.91267473502,67329.48027706762,60050.50768333509,37318.081545066496,353866.94851916557,1377911.6784810633,140424.44215384015
2026-06-01,DEN-IBZ,2632938.914479114,910809.645839333,343173.19663551793,221426.47945721526,191830.3293317286,91353.11366213478,89083.09611500677,51531.24827367224,281471.4622866769,1899207.1093146086,452260.3428778286
2026-06-01,DEN-FOR,2458591.10835293,836526.6446076733,335615.6649151016,229842.87203347732,164354.994716734,107867.69177278817,85635.6635462443,51034.824872050405,293400.1861696363,1810878.356464069,354312.5657192244
2026-06-01,DEN-PMI,3199342.3401272953,945377.8384230484,266604.0921256965,179636.71231817116,162772.99490693453,112611.79730159653,100651.83136394621,60433.98197340243,331842.7326337243,1828089.2484127956,1039410.3590807754
2026-06-01,BCN-PMI,3146226.042900602,1370063.5944938671,407187.6016223267,180393.079333283,156155.26016099853,118294.73724086891,109362.31092887945,65492.25651295584,367347.3078988378,2406948.8402931797,371929.89470858435
2026-06-01,BCN-IBZ,3824750.92822524,1485227.5121875717,440384.206360793,186424.51859902547,174701.51152876843,131217.7238571788,136679.60498227266,78485.11477486107,392423.5101394496,2633120.1922904714,799207.2257953192
2026-06-01,VAL-PMI,3600903.5662517627,1274659.8456926371,403926.4970060262,187065.91781509333,200432.59012893616,127829.98009916619,122360.66267265113,74513.59706834171,381305.01368695765,2390789.090482852,828809.4620819531
2026-06-01,VAL-IBZ,3009205.2988422075,1066947.5446130075,357446.54110355076,192800.49024074172,164564.1349385085,116313.90821809204,100464.87796886223,59899.406547532686,346480.2276543207,2058436.9036302953,604288.1675575916
2026-07-01,DEN-IBZ,3472950.922588855,964634.0556744904,322885.7997644978,219731.61719144208,178102.92274250757,156465.18043451512,122765.85388429214,72780.41986185624,294461.7970404333,2037365.8495536014,1141123.2759948205
2026-07-01,DEN-FOR,3273002.1608640524,800391.7945533165,328595.7207683378,216517.58546839037,169579.09745941416,132718.65264984945,112967.92778801068,64283.791556808406,290980.8834850543,1825054.5702441272,1156966.7071348708
2026-07-01,DEN-PMI,3819357.649751193,971227.72342591,272391.4994546824,178060.60630114918,154707.79746582397,134896.66065891963,142635.147928284,78200.43946571717,329332.1288295501,1932119.8747004864,1557905.6462211562
2026-07-01,BCN-PMI,5126660.621564978,1268787.215981659,405752.23512704216,192866.79868024733,196323.02701247076,192729.068585068,172263.45966847526,100804.34945229918,382558.4238924857,2529526.1545072612,2214576.043165231
2026-07-01,BCN-IBZ,4391142.493000664,1620892.687252949,408678.5317272507,182027.49174839436,183049.22109177517,139175.92828688317,147009.0973661141,85560.5656365765,379321.27641055704,2766393.523109943,1245427.6934801636
2026-07-01,VAL-PMI,4577496.237761684,1438124.4677407392,440843.04811263323,198087.9249431225,195831.1744753903,163279.42133628204,158354.56825353784,92329.56030751053,359262.8188202059,2686850.1651692158,1531383.253772262
2026-07-01,VAL-IBZ,4151658.814116889,1023993.4653551234,345472.0960634021,190390.41183674248,167285.77974713282,164438.30196281566,133834.91323286897,81780.69228851827,345505.9260691235,2107195.6604866036,1698957.227561162
2026-08-01,DEN-IBZ,3085974.1703860927,808453.7898439637,321570.66615134804,196537.9201996522,165408.61086312844,126044.56017317106,110175.28599581709,63788.65430891453,288970.7869983601,1791979.487535995,1005023.8958517376
2026-08-01,DEN-FOR,3492546.272511594,801818.086809353,328288.24870580283,214866.3493197665,157658.60301371096,154581.94342408053,123696.26290422239,70964.27134507577,298755.9864651928,1851873.765522012,1341916.520524389
2026-08-01,DEN-PMI,4115356.1727272007,1001662.2685123873,281280.29533381015,177207.62889815474,156007.81583146256,149030.70805028878,145589.23787315996,86735.87478414431,331048.9658423511,1997513.829283408,1786793.3776014417
2026-08-01,BCN-PMI,3875969.829583279,1212183.2319253883,363210.8096315963,180300.0775820436,155156.61345957487,161319.37289194015,137945.64799526424,81739.14877178275,366640.8432408446,2291854.9022575906,1217474.0840848438
2026-08-01,BCN-IBZ,5358663.005846802,1537908.594891754,427474.7519564911,205468.64679394418,206826.150011552,182396.31524795765,191962.8842656062,113176.33510164323,364728.072813817,2865213.678268948,2128721.254764037
2026-08-01,VAL-PMI,5040345.56407025,1373843.896276425,423063.5264572801,197973.1508717154,182047.38603173054,180441.2397810878,187103.3166452663,106948.28362112606,380754.86589180696,2651420.799684631,2008169.8984938117
2026-08-01,VAL-IBZ,3545562.6229401487,899953.6288595987,327069.9551295973,169853.62326139267,138579.5264977537,140014.58441938812,125220.10939156459,72568.17051205602,354460.2477373112,1873259.598071351,1317842.7771314867
2026-09-01,DEN-IBZ,2579841.3127870257,895087.8569574336,314184.1973996445,221435.63006146453,157277.81712571863,110951.6350537137,96349.97207133641,57734.32559207806,302356.88483359286,1853021.4342613895,424462.9936920433
2026-09-01,DEN-FOR,2564890.569705397,835186.9560147777,331140.4640988996,233838.99086702298,190564.74305589768,117278.04182795211,91024.11738424218,55941.005650204,294375.55825529183,1854974.3188989959,415540.6925511092
2026-09-01,DEN-PMI,3752090.909811804,998574.461166527,319637.28298039245,201950.92275938796,188348.6385642177,141261.54779931114,128870.46077770683,74762.29467133574,352208.75560869154,2053405.6087188786,1346476.5454842339
2026-09-01,BCN-PMI,3619837.878841255,1241111.9823339665,407576.342295262,192048.6339743596,170179.0582598767,143372.52555693933,132819.42878043375,74722.39076022417,373728.6015104152,2361830.361961062,884278.9153697776
2026-09-01,BCN-IBZ,3502510.9909773385,1605084.133293951,429341.9301436458,184559.6720843976,165105.53091599347,110602.06239036586,114792.24008699109,68914.73504512304,379043.9512936454,2678400.3039604668,445066.73572322633
2026-09-01,VAL-PMI,3473974.4246534114,1456949.5099086934,433227.0324029455,189330.40024174206,193766.13913248767,116522.01504401227,110097.6242747359,71063.3013258652,371176.03192984324,2570956.0223304816,531842.3703930866
2026-09-01,VAL-IBZ,3159123.8071241505,1062881.9334175726,348095.8018927902,198020.24241445799,167159.66654109894,121785.34451318334,110145.75409628187,62566.129237317524,347973.4143855017,2070654.8721127023,740495.5206259463
2026-10-01,DEN-IBZ,1762020.7517322546,663375.8410576943,264768.57148439216,179392.42554977644,134227.78095359655,66669.47631579074,60709.1403132107,35370.54028985156,298599.1089506412,1404513.7759643125,58907.866817300965
2026-10-01,DEN-FOR,1762698.8567012344,642094.8070789775,262629.2487074847,181858.35794970504,138790.80729903042,78823.13152806692,63248.01830329378,36353.86826083156,291573.7958856176,1403798.2391273899,67326.82168822689
2026-10-01,DEN-PMI,1625499.3757097863,645638.0609252945,203677.92388780418,126415.77274728705,115114.99608330324,63668.965068787744,60391.921838384544,33722.24650191667,333090.2848017033,1248629.8870527782,43779.20385530486
2026-10-01,BCN-PMI,1931504.3324909066,919651.4611267655,287709.12110888655,130748.6828377931,109669.19402519803,75297.78434140481,67242.87152586316,39305.962595938494,358767.128014448,1629625.0775618497,-56887.873085391126
2026-10-01,BCN-IBZ,2402176.4023197955,1124174.3267985922,333741.51883811434,149374.6397525303,160241.6678783368,78211.8318282567,84123.31395732677,49218.09418475817,394036.1458167854,1979085.3932379151,29054.86326509493
2026-10-01,VAL-PMI,2363574.26831732,996053.6839859025,304299.4144273339,147960.48583793343,158499.10621919186,80099.71903261651,83823.60707863334,47477.83895841637,372242.62688404374,1818213.8555400278,173117.78589324834
2026-10-01,VAL-IBZ,1549057.7597274585,697635.3906775119,245201.07776633484,129221.81298905308,120508.65069109593,57231.72565076367,55041.922374394555,32592.459589671813,349732.1423213871,1337433.0397388258,-138107.42233275436
2026-11-01,DEN-IBZ,1744213.0152681426,709498.9515088348,261223.5879502727,173000.8510742304,129048.98184539257,67561.37028316951,60507.41155061843,35516.90530702391,295758.66134429496,1436358.0595195424,12096.294404305227
2026-11-01,DEN-FOR,1297688.7998319357,620187.6921814433,252127.999991875,164862.8120249106,121803.85909367856,52018.87673006124,44778.20207714019,26016.855988263138,281129.1203829225,1281796.298087372,-265236.61863835884
2026-11-01,DEN-PMI,1724955.1522417662,768213.8105986777,211809.7964840794,137479.09214490984,123124.86271352987,60318.843685524975,61220.609748446324,36015.78455704263,322299.6632941704,1398182.799932211,4472.68901538488
2026-11-01,BCN-PMI,1790856.212446092,959310.3687375984,309540.2047968642,147685.8619936732,146140.50004559476,65791.68336440464,63375.731663890096,36785.35299341145,368197.8942093359,1728629.7035954369,-305971.38535868085
2026-11-01,BCN-IBZ,1925700.2819890568,1189475.9925030055,336679.0704876847,143202.8556374393,144122.15313097066,63114.903483984686,68857.73595798301,39118.518115601684,382813.90602886246,1984571.2293166695,-441684.8533564751
2026-11-01,VAL-PMI,1700444.7797549937,1057852.2401106607,283088.7736311445,132657.93478715824,124171.2559198249,58719.08457694511,60421.84821144137,34880.25539372731,374403.1819237103,1751791.392630902,-425749.7947996184
2026-11-01,VAL-IBZ,1571977.1832522454,745550.127208226,243820.71357151621,127986.2530697636,113247.45203507206,55140.767922805426,52620.59069453718,31701.637263172415,348218.50656986603,1370067.5417650926,-146308.86508271325
2026-12-01,DEN-IBZ,1527019.6003943272,721868.2666606706,258235.796277326,164108.26804998796,131892.56073721487,57039.93731611202,53841.14844042842,31384.992461043854,286011.52149091766,1418370.9699427835,-177362.89103937394
2026-12-01,DEN-FOR,1878674.7527877542,648801.1832221638,264112.4446999817,195927.07275481374,142431.28543026152,70829.27139927902,67001.61857174309,38130.93279353536,283399.42538050085,1427233.8088717784,168041.5185354749
2026-12-01,DEN-PMI,1930840.5875877156,720890.8246154924,213517.71166040882,140420.7393344976,126448.99849004194,65260.705620048924,66967.52532945148,39864.67148037031,350474.7001727119,1373371.1765303113,206994.71088469232
2026-12-01,BCN-PMI,1686392.871353256,921456.8992828053,263426.15300539427,131823.3814075585,109621.62181208722,56467.54175463069,58643.17170059753,33442.40447893101,365501.16453138436,1574881.1734420045,-253989.4666201328
2026-12-01,BCN-IBZ,2177544.2721724873,1085928.3711213504,302513.2900253936,141767.2426091778,152425.7573287751,69975.78239690878,76300.12249191196,44038.88762753123,406120.15803689155,1872949.453601049,-101525.33946545323
2026-12-01,VAL-PMI,2067119.1194180513,989942.3238492318,282909.8163904698,141370.19072617247,132799.09836260742,69909.02029805038,70143.66959301768,40776.77262712776,384036.60021304875,1727850.8918466775,-44768.37264167494
2026-12-01,VAL-IBZ,1738574.8770919407,772809.1004131435,261710.0262573045,136609.28703893354,122594.13606635688,71260.212977328,59237.045214872145,34037.86756890768,356344.24547331885,1458257.6755368463,-76027.0439182244
